"gene_id","snp_feature","feature","coefficient_EN","taxa_feature","variant_id","gene_name","chr","bp"
"ENSG00000058085.15_7","1_183134854_G_T","Corynebacterium-simulans*1_183134854_G_T",-0.0132788158362068,"Corynebacterium simulans","rs6424891","LAMC2",1,183134854
"ENSG00000058085.15_7","1_183586313_C_T","Bacillus-cereus*1_183586313_C_T",-0.0110743599726196,"Bacillus cereus","rs200835529","LAMC2",1,183586313
"ENSG00000151353.15_11","2_416043_C_T","Corynebacterium-sanguinis*2_416043_C_T",-0.0081466292408739,"Corynebacterium sanguinis","rs57908371","TMEM18",2,416043
"ENSG00000151353.15_11","2_472892_A_G","Brevundimonas-vesicularis*2_472892_A_G",-0.0353480925166636,"Brevundimonas vesicularis","rs55923923","TMEM18",2,472892
"ENSG00000151353.15_11","2_472892_A_G","Staphylococcus-pettenkoferi*2_472892_A_G",-0.0214628159827327,"Staphylococcus pettenkoferi","rs55923923","TMEM18",2,472892
"ENSG00000151353.15_11","2_1425951_C_T","Fusobacterium-nucleatum*2_1425951_C_T",-0.0106694905329073,"Fusobacterium nucleatum","rs28910013","TMEM18",2,1425951
"ENSG00000003402.21_9","2_202726409_G_A","Bacillus-cereus*2_202726409_G_A",-0.0116915928416406,"Bacillus cereus","rs1861236","CFLAR",2,202726409
"ENSG00000180871.8_9","2_219089969_G_A","Fusobacterium-nucleatum*2_219089969_G_A",-0.0354218992574651,"Fusobacterium nucleatum","rs75385878","CXCR2",2,219089969
"ENSG00000180871.8_9","2_219130802_T_C","Haematobacter-massiliensis*2_219130802_T_C",-0.00851648059271058,"Haematobacter massiliensis","rs2305835","CXCR2",2,219130802
"ENSG00000180871.8_9","2_219130802_T_C","Pseudomonas-mendocina*2_219130802_T_C",-0.027070670708409,"Pseudomonas mendocina","rs2305835","CXCR2",2,219130802
"ENSG00000144559.11_9","3_11257318_A_G","Bacillus-cereus*3_11257318_A_G",-0.0105080564979665,"Bacillus cereus","rs193119798","TAMM41",3,11257318
"ENSG00000144559.11_9","3_11675632_C_T","Streptococcus-cristatus*3_11675632_C_T",-0.00620376536359459,"Streptococcus cristatus","rs6781822","TAMM41",3,11675632
"ENSG00000144559.11_9","3_11818192_C_G","Tannerella-sp.-oral-taxon-HOT-286*3_11818192_C_G",-0.00750975962864621,"Tannerella sp. oral taxon HOT 286","rs301570","TAMM41",3,11818192
"ENSG00000144559.11_9","3_11819317_C_T","Staphylococcus-saprophyticus*3_11819317_C_T",-0.0129929863272831,"Staphylococcus saprophyticus","rs6797461","TAMM41",3,11819317
"ENSG00000144559.11_9","3_11889787_C_T","Chryseobacterium-indologenes*3_11889787_C_T",-0.00102317752579151,"Chryseobacterium indologenes","rs4684823","TAMM41",3,11889787
"ENSG00000006747.15_7","7_11769924_T_A","Prevotella-melaninogenica*7_11769924_T_A",0.0212309537561892,"Prevotella melaninogenica","rs76770779","SCIN",7,11769924
"ENSG00000006747.15_7","7_11986689_C_T","Pseudomonas-mendocina*7_11986689_C_T",-0.0110240608032684,"Pseudomonas mendocina","rs147369543","SCIN",7,11986689
"ENSG00000006747.15_7","7_12685233_C_G","Massilia-oculi*7_12685233_C_G",-0.0155377833390146,"Massilia oculi","rs11978190","SCIN",7,12685233
"ENSG00000006747.15_7","7_13081433_C_T","Corynebacterium-singulare*7_13081433_C_T",-0.0137233325913433,"Corynebacterium singulare","rs12699438","SCIN",7,13081433
"ENSG00000006747.15_7","7_13256873_A_G","Aerococcus-urinaeequi*7_13256873_A_G",0.0105998122893445,"Aerococcus urinaeequi","rs372001979","SCIN",7,13256873
"ENSG00000134575.13_9","11_46323725_T_C","Massilia-oculi*11_46323725_T_C",-0.0167948545626003,"Massilia oculi","rs555389904","ACP2",11,46323725
"ENSG00000134575.13_9","11_47243665_G_C","Corynebacterium-simulans*11_47243665_G_C",-0.00890511712422976,"Corynebacterium simulans","rs1685404","ACP2",11,47243665
"ENSG00000134575.13_9","11_47268310_C_T","Fusobacterium-nucleatum*11_47268310_C_T",-0.000941943261100032,"Fusobacterium nucleatum","rs35677603","ACP2",11,47268310
"ENSG00000165434.8_7","11_74098733_C_T","Lysobacter-oculi*11_74098733_C_T",-0.00113841965092214,"Lysobacter oculi","rs4944889","PGM2L1",11,74098733
"ENSG00000165434.8_7","11_74108571_C_G","Bacillus-cereus*11_74108571_C_G",-0.00907657291699753,"Bacillus cereus","rs35499749","PGM2L1",11,74108571
"ENSG00000103855.18_8","15_73107676_T_C","Gordonia-terrae*15_73107676_T_C",-0.00537281635658666,"Gordonia terrae","rs149409775","CD276",15,73107676
"ENSG00000103855.18_8","15_73107676_T_C","Corynebacterium-doosanense*15_73107676_T_C",-0.00522521811005554,"Corynebacterium doosanense","rs149409775","CD276",15,73107676
"ENSG00000103855.18_8","15_74054644_T_A","Corynebacterium-variabile*15_74054644_T_A",-0.0084712870366236,"Corynebacterium variabile","rs79297662","CD276",15,74054644
"ENSG00000103855.18_8","15_74515452_C_T","Bacillus-cereus*15_74515452_C_T",-0.0215056662853839,"Bacillus cereus","rs188191286","CD276",15,74515452
"ENSG00000183255.12_10","21_46312367_T_A","Staphylococcus-haemolyticus*21_46312367_T_A",0.0246554712359875,"Staphylococcus haemolyticus","rs140146546","PTTG1IP",21,46312367
"ENSG00000100106.22_15","22_37471290_G_A","Malassezia-furfur*22_37471290_G_A",0.0119003476533676,"Malassezia furfur","rs881144","TRIOBP",22,37471290
"ENSG00000100106.22_15","22_38107031_A_G","Lactobacillus-delbrueckii*22_38107031_A_G",0.0286280966078577,"Lactobacillus delbrueckii","rs184737484","TRIOBP",22,38107031
"ENSG00000100106.22_15","22_38485068_C_T","Fusobacterium-nucleatum*22_38485068_C_T",-0.00669213636002859,"Fusobacterium nucleatum","rs369859899","TRIOBP",22,38485068
"ENSG00000100106.22_15","22_38616269_T_C","Corynebacterium-xerosis*22_38616269_T_C",-0.0352687291149316,"Corynebacterium xerosis","rs58135276","TRIOBP",22,38616269
